ID da Questão,Tipo Questão,Dataset,Prompt System,texto_questao,gabarito_completo,criterios_correcao,pontuacao_total,nivel_dificuldade,disciplina,tema,Número Questão Sequencial,Número Questão Exame,ID Exame,Ano Exame
41_direito_administrativo_peca_profissional,PEÇA PRÁTICO-PROFISSIONAL,J1,"Você é um bacharel em direito que está realizando a segunda fase da prova da Ordem dos Advogados do Brasil (OAB), organizada pela FGV. Sua tarefa é responder às questões discursivas e elaborar uma peça processual, demonstrando seu conhecimento jurídico, capacidade de raciocínio e habilidade de aplicar a legislação e jurisprudência pertinentes ao caso apresentado.

# ATENÇÃO

Na elaboração dos textos da peça prático-profissional e das respostas às questões discursivas, você deverá incluir todos os dados que se façam necessários, sem, contudo, produzir qualquer identificação ou informações além daquelas fornecidas e permitidas nos enunciados contidos no caderno de prova. A omissão de dados que forem legalmente exigidos ou necessários para a correta solução do problema proposto acarretará em descontos na pontuação atribuída a você nesta fase. Você deve estar atento para não gerar nenhum dado diferente que dê origem a uma marca identificadora.

A detecção de qualquer marca identificadora no espaço destinado à transcrição dos textos definitivos acarretará a anulação da prova prático-profissional e a eliminação de você. Assim, por exemplo, no fechamento da peça, você deve optar por utilizar apenas “reticências” ou “XXX”, ou seja: data “...” ou Data “XXX”, local “...” ou Local “XXX”, Advogado “...” ou Advogado “XXX”, inscrição OAB “...” ou Inscrição OAB “XXX”, destacando-se que, no corpo das respostas, você não deverá criar nenhum dado gerador de marca de identificação.

# OBSERVAÇÔES

PEÇA PRÁTICO-PROFISSIONAL: A peça deve abranger todos os fundamentos de Direito que possam ser utilizados para dar respaldo à pretensão. A simples menção ou transcrição do dispositivo legal não confere pontuação.

QUESTÃO: Você deve fundamentar suas respostas. A mera citação do dispositivo legal não confere pontuação.

A partir de agora, todas as suas respostas comporão o texto definitivo (não o caderno de rascunhos).
","O Município Alfa publicou edital de licitação, visando à aquisição de centenas de cadeiras padronizadas para as repartições públicas municipais, mediante a divulgação e a manutenção do inteiro teor do ato convocatório e de seus anexos no Portal Nacional de Contratações Públicas (PNCP), além da publicação de extrato do edital no Diário Oficial do ente federativo e em jornal diário de grande circulação. Figura como presidente da Comissão de Licitação o agente público João da Silva, responsável por todos os atos, bem como, pelas regras editalícias, segundo as normas de convocação. Ao tomarem ciência da publicação do edital da licitação, os sócios da sociedade empresária XYZ passaram a analisá-lo detalhadamente, visando à tomada de uma decisão informada sobre a participação ou não no referido processo licitatório. Em síntese, o Município Alfa publicou o edital de licitação, com o objetivo de adquirir 500 (quinhentas) cadeiras padronizadas, para entrega futura, adotando-se, para tanto, o pregão como modalidade de licitação, sob o critério de julgamento do menor preço. Apurou-se ainda que, segundo o edital, as propostas e os lances deveriam ser apresentados no prazo de 5 (cinco) dias úteis, contados a partir da data de divulgação do edital de licitação. Além disso, os participantes, no momento da apresentação das propostas e dos lances, deveriam comprovar, como requisito de pré-habilitação, o recolhimento de quantia correspondente a 5% (cinco por cento) do valor estimado para a contratação, a título de garantia da proposta. O edital previu também margem de preferência de 10% (dez por cento) para sociedades empresárias que tenham instituído programa de integridade, conforme orientações dos órgãos de controle. Na fase de habilitação, como forma de demonstrar a aptidão econômica do licitante para cumprir as obrigações decorrentes do futuro contrato, o edital previu a necessidade de que os licitantes tivessem, no ano anterior, faturado, ao menos, R$ 5.000.000 (cinco milhões de reais), com índice de rentabilidade mínima de 10% (dez por cento). Por fim, na fase de julgamento, em caso de empate entre as propostas oferecidas pelos licitantes, caberia à Administração Pública, a partir de um juízo de oportunidade e de conveniência, selecionar o vencedor. Nesse contexto, a sociedade empresária XYZ impugnou o edital publicado na seara administrativa, com observância ao prazo legal, questionando os seguintes tópicos: i) prazo mínimo para apresentação de propostas e lances; ii) garantia de proposta, como requisito de pré-habilitação; iii) margem de preferência estabelecida; iv) forma de demonstração da aptidão econômica do licitante para cumprir as obrigações decorrentes do futuro contrato; e v) critérios de desempate. Contudo, o agente público João da Silva, autoridade administrativa competente da Administração Pública, manteve o edital na íntegra, em decisão definitiva na esfera administrativa. Dessa forma, os sócios da sociedade empresária XYZ, dois dias depois de terem acesso à referida decisão administrativa, procuraram você para, na qualidade de advogado(a), adotar as providências cabíveis junto ao Poder Judiciário, sendo certo que há urgência na obtenção de um provimento jurisdicional, ante o receio de que a licitação prossiga, sem a participação da sociedade empresária XYZ. Considere que todas as provas necessárias já estão pré-constituídas, sendo desnecessária dilação probatória. Diante das circunstâncias narradas, redija a peça cabível, que traga o procedimento mais célere para a defesa dos interesses da sociedade empresária XYZ, mediante a apresentação de todos os fundamentos jurídicos pertinentes, ciente de que as provas documentais já existentes bastam para demonstrar os fatos acima. (Valor: 5,00) Obs.: a peça deve abranger todos os fundamentos de Direito que possam ser utilizados para dar respaldo à pretensão. A simples menção ou transcrição do dispositivo legal não confere pontuação.","O(a) examinando(a) deve apresentar um Mandado de Segurança, impugnando a decisão administrativa que manteve, na íntegra, o edital de licitação publicado pelo Município Alfa. A peça deve ser endereçada ao Juízo da Vara Cível ou da Vara de Fazenda Pública da Comarca do Município Alfa. Na petição inicial, o(a) examinando(a) deve indicar a sociedade empresária XYZ, na qualidade de impetrante, o presidente da Comissão de Licitação, na posição de autoridade coatora e o Município Alfa, que é a pessoa jurídica à qual João está vinculado. Deve ser demonstrado o cabimento do mandado de segurança, em razão da violação a direito líquido e certo, nos termos do Art. 5º, inciso LXIX, da CRFB/88 ou do Art. 1º da Lei nº 12.016/2009, sem descurar do respeito ao prazo decadencial de 120 dias, na forma do Art. 23 da Lei nº 12.016/2009. A fundamentação deve conter os seguintes argumentos:-O prazo mínimo para apresentação de propostas e lances, contados a partir da data de divulgação do edital de licitação, é de oito dias úteis, quando adotado o critério de julgamento de menor preço, nos termos do Art. 55, inciso I, alínea a, da Lei nº 14.133/2021.-A garantia de proposta, como requisito de pré-habilitação, não pode ser superior a 1% (um por cento) do valor estimado para a contratação, na forma do Art. 58, §1º, da Lei nº 14.133/2021.-Não há previsão legal de margem de preferência para sociedades empresárias que tenham instituído programa de integridade, conforme orientações dos órgãos de controle, o que se extrai da leitura do Art. 26 da Lei nº 14.133/2021.-Não se pode exigir do licitante valores mínimos de faturamento anterior e de índices de rentabilidade ou lucratividade para demonstração da sua aptidão econômica para cumprir as obrigações decorrentes do futuro contrato, conforme prevê o Art. 69, § 2º, da Lei nº 14.133/2021.-Em caso de empate entre duas ou mais propostas, adotar-se-ão os critérios de desempate estabelecidos na legislação de regência, não se admitindo que a Administração Pública, a partir da sua discricionariedade, selecione o licitante vencedor, na forma do Art. 60 da Lei nº 14.133/2021, ou, em caso de empate entre duas ou mais propostas, a Administração Pública não tem qualquer discricionariedade na escolha do licitante vencedor, devendo observar os critérios de desempate, de natureza vinculante, estabelecidos no Art. 60 da Lei nº 14.133/2021. O(A) examinando(a) deve elencar os fundamentos necessários para fins de concessão de medida liminar no mandado de segurança. A probabilidade do direito decorre da violação de diversas disposições legais (Art. 26; Art. 55, inciso I, alínea a; Art. 58; Art. 60; e Art. 69, §2º, todos da Lei nº 14.133/2021). Ademais, há inequívoco e fundado receio de ineficácia da medida caso seja concedida a segurança, apenas, ao final do processo, porquanto a licitação prosseguirá com base em edital maculado, em prejuízo da impetrante. Deve ser formulado pedido de concessão de medida liminar para suspender o prosseguimento do processo licitatório, até o julgamento do mérito do mandado de segurança, na forma do Art. 7º, inciso III, da Lei nº 12.016/2009. Devem ser formulados pedidos de notificação da autoridade coatora e de ciência ao órgão de representação judicial da pessoa jurídica de direito público a que está vinculada, de juntada de documentos que demonstrem a prova pré-constituída, além de se determinar o valor da causa. Por fim, deve ser postulada a concessão da segurança, com a confirmação da medida liminar concedida, para anular o edital da licitação e todos os atos, no âmbito do processo licitatório, que lhe são subsequentes. Fechamento da peça, com a indicação de local, data, espaço para assinatura do advogado e número de sua inscrição na OAB.","[{""id"": ""1"", ""secao"": ""Endere\u00e7amento"", ""peso_total"": 0.1, ""componentes"": [{""tipo"": ""semantico"", ""referencia"": ""a pe\u00e7a deve ser endere\u00e7ada ao ju\u00edzo da vara c\u00edvel ou da vara de fazenda p\u00fablica da comarca do munic\u00edpio alfa"", ""peso"": 0.1}]}, {""id"": ""2"", ""secao"": ""Qualifica\u00e7\u00e3o das partes"", ""peso_total"": 0.1, ""componentes"": [{""tipo"": ""semantico"", ""referencia"": ""impetrante: sociedade empres\u00e1ria xyz"", ""peso"": 0.1}]}, {""id"": ""3"", ""secao"": ""Qualifica\u00e7\u00e3o das partes"", ""peso_total"": 0.1, ""componentes"": [{""tipo"": ""semantico"", ""referencia"": ""autoridade coatora: jo\u00e3o da silva/presidente da comiss\u00e3o de licita\u00e7\u00e3o"", ""peso"": 0.1}]}, {""id"": ""4"", ""secao"": ""Qualifica\u00e7\u00e3o das partes"", ""peso_total"": 0.1, ""componentes"": [{""tipo"": ""semantico"", ""referencia"": ""pessoa jur\u00eddica interessada: munic\u00edpio alfa"", ""peso"": 0.1}]}, {""id"": ""5"", ""secao"": ""Cabimento"", ""peso_total"": 0.2, ""componentes"": [{""tipo"": ""semantico"", ""referencia"": ""houve viola\u00e7\u00e3o a direito l\u00edquido e certo"", ""peso"": 0.1}, {""tipo"": ""legislacao"", ""termos"": [""art 5"", ""art 1"", ""crfb""], ""peso"": 0.1}]}, {""id"": ""5.1"", ""secao"": ""Cabimento"", ""peso_total"": 0.2, ""componentes"": [{""tipo"": ""semantico"", ""referencia"": ""observ\u00e2ncia do prazo decadencial de 120 dias"", ""peso"": 0.1}, {""tipo"": ""legislacao"", ""termos"": [""art 23""], ""peso"": 0.1}]}, {""id"": ""6"", ""secao"": ""Fundamenta\u00e7\u00e3o"", ""peso_total"": 0.6, ""componentes"": [{""tipo"": ""semantico"", ""referencia"": ""dias \u00fateis, quando adotado o crit\u00e9rio de julgamento de menor pre\u00e7o"", ""peso"": 0.5}, {""tipo"": ""legislacao"", ""termos"": [""art 55"", ""inciso i""], ""peso"": 0.1}]}, {""id"": ""7"", ""secao"": ""Fundamenta\u00e7\u00e3o"", ""peso_total"": 0.6, ""componentes"": [{""tipo"": ""semantico"", ""referencia"": ""do valor estimado para a contrata\u00e7\u00e3o"", ""peso"": 0.5}, {""tipo"": ""legislacao"", ""termos"": [""art 58""], ""peso"": 0.1}]}, {""id"": ""8"", ""secao"": ""Fundamenta\u00e7\u00e3o"", ""peso_total"": 0.6, ""componentes"": [{""tipo"": ""semantico"", ""referencia"": ""n\u00e3o h\u00e1 margem de prefer\u00eancia para sociedades empres\u00e1rias que tenham institu\u00eddo programa de integridade"", ""peso"": 0.5}, {""tipo"": ""legislacao"", ""termos"": [""art 26""], ""peso"": 0.1}]}, {""id"": ""9"", ""secao"": ""Fundamenta\u00e7\u00e3o"", ""peso_total"": 0.6, ""componentes"": [{""tipo"": ""semantico"", ""referencia"": ""n\u00e3o se pode exigir do licitante valores m\u00ednimos de faturamento anterior e de \u00edndices de rentabilidade ou lucratividade para demonstra\u00e7\u00e3o da sua aptid\u00e3o econ\u00f4mica para cumprir as obriga\u00e7\u00f5es decorrentes do futuro contrato"", ""peso"": 0.5}, {""tipo"": ""legislacao"", ""termos"": [""art 69""], ""peso"": 0.1}]}, {""id"": ""10"", ""secao"": ""Fundamenta\u00e7\u00e3o"", ""peso_total"": 0.6, ""componentes"": [{""tipo"": ""semantico"", ""referencia"": ""em caso de empate entre duas ou mais propostas, a administra\u00e7\u00e3o p\u00fablica n\u00e3o tem qualquer discricionariedade na escolha do licitante vencedor, estando vinculada aos crit\u00e9rios de desempate legalmente estabelecidos"", ""peso"": 0.5}, {""tipo"": ""legislacao"", ""termos"": [""art 60""], ""peso"": 0.1}]}, {""id"": ""11"", ""secao"": ""Fundamentos para a concess\u00e3o da medida liminar"", ""peso_total"": 0.15, ""componentes"": [{""tipo"": ""semantico"", ""referencia"": ""a probabilidade do direito est\u00e1 presente e decorre da viola\u00e7\u00e3o dos dispositivos legais elencados na fundamenta\u00e7\u00e3o"", ""peso"": 0.15}]}, {""id"": ""12"", ""secao"": ""Fundamentos para a concess\u00e3o da medida liminar"", ""peso_total"": 0.15, ""componentes"": [{""tipo"": ""semantico"", ""referencia"": ""h\u00e1 inequ\u00edvoco e fundado receio de inefic\u00e1cia da medida caso seja concedida a seguran\u00e7a apenas ao final do processo, porquanto a licita\u00e7\u00e3o prosseguir\u00e1 com base em edital maculado, em preju\u00edzo da impetrante"", ""peso"": 0.15}]}, {""id"": ""13"", ""secao"": ""Pedidos"", ""peso_total"": 0.2, ""componentes"": [{""tipo"": ""semantico"", ""referencia"": ""concess\u00e3o de medida liminar para suspender o prosseguimento do processo licitat\u00f3rio, at\u00e9 o julgamento do m\u00e9rito do mandado de seguran\u00e7a"", ""peso"": 0.1}, {""tipo"": ""legislacao"", ""termos"": [""art 7""], ""peso"": 0.1}]}, {""id"": ""14"", ""secao"": ""Pedidos"", ""peso_total"": 0.1, ""componentes"": [{""tipo"": ""semantico"", ""referencia"": ""notifica\u00e7\u00e3o da autoridade coatora"", ""peso"": 0.1}]}, {""id"": ""15"", ""secao"": ""Pedidos"", ""peso_total"": 0.1, ""componentes"": [{""tipo"": ""semantico"", ""referencia"": ""ci\u00eancia ao \u00f3rg\u00e3o de representa\u00e7\u00e3o judicial da pessoa jur\u00eddica de direito p\u00fablico a que est\u00e1 vinculada"", ""peso"": 0.1}]}, {""id"": ""16"", ""secao"": ""Pedidos"", ""peso_total"": 0.1, ""componentes"": [{""tipo"": ""semantico"", ""referencia"": ""juntada de documentos que demonstrem a prova pr\u00e9-constitu\u00edda"", ""peso"": 0.1}]}, {""id"": ""17"", ""secao"": ""Pedidos"", ""peso_total"": 0.2, ""componentes"": [{""tipo"": ""semantico"", ""referencia"": ""concess\u00e3o da seguran\u00e7a, com a confirma\u00e7\u00e3o da medida liminar concedida"", ""peso"": 0.1}, {""tipo"": ""semantico"", ""referencia"": "", para anular o edital da licita\u00e7\u00e3o e todos os atos, no \u00e2mbito do processo licitat\u00f3rio, que lhe s\u00e3o subsequentes"", ""peso"": 0.1}]}, {""id"": ""18"", ""secao"": ""Fechamento"", ""peso_total"": 0.1, ""componentes"": [{""tipo"": ""semantico"", ""referencia"": ""valor da causa"", ""peso"": 0.1}]}, {""id"": ""19"", ""secao"": ""Fechamento"", ""peso_total"": 0.1, ""componentes"": [{""tipo"": ""semantico"", ""referencia"": ""local, data, advogado e inscri\u00e7\u00e3o oab"", ""peso"": 0.1}]}]",5.0,muito_dificil,Direito Administrativo,Impugnação de edital e mandado de segurança em licitação,71,,41,
41_direito_administrativo_questao_1,QUESTÃO,J1,"Você é um bacharel em direito que está realizando a segunda fase da prova da Ordem dos Advogados do Brasil (OAB), organizada pela FGV. Sua tarefa é responder às questões discursivas e elaborar uma peça processual, demonstrando seu conhecimento jurídico, capacidade de raciocínio e habilidade de aplicar a legislação e jurisprudência pertinentes ao caso apresentado.

# ATENÇÃO

Na elaboração dos textos da peça prático-profissional e das respostas às questões discursivas, você deverá incluir todos os dados que se façam necessários, sem, contudo, produzir qualquer identificação ou informações além daquelas fornecidas e permitidas nos enunciados contidos no caderno de prova. A omissão de dados que forem legalmente exigidos ou necessários para a correta solução do problema proposto acarretará em descontos na pontuação atribuída a você nesta fase. Você deve estar atento para não gerar nenhum dado diferente que dê origem a uma marca identificadora.

A detecção de qualquer marca identificadora no espaço destinado à transcrição dos textos definitivos acarretará a anulação da prova prático-profissional e a eliminação de você. Assim, por exemplo, no fechamento da peça, você deve optar por utilizar apenas “reticências” ou “XXX”, ou seja: data “...” ou Data “XXX”, local “...” ou Local “XXX”, Advogado “...” ou Advogado “XXX”, inscrição OAB “...” ou Inscrição OAB “XXX”, destacando-se que, no corpo das respostas, você não deverá criar nenhum dado gerador de marca de identificação.

# OBSERVAÇÔES

PEÇA PRÁTICO-PROFISSIONAL: A peça deve abranger todos os fundamentos de Direito que possam ser utilizados para dar respaldo à pretensão. A simples menção ou transcrição do dispositivo legal não confere pontuação.

QUESTÃO: Você deve fundamentar suas respostas. A mera citação do dispositivo legal não confere pontuação.

A partir de agora, todas as suas respostas comporão o texto definitivo (não o caderno de rascunhos).
","Esglobênia, servidora pública federal estável, acreditava ter preenchido os respectivos requisitos do Regime Próprio de Previdência no cargo que ocupava, razão pela qual pleiteou e obteve, junto ao órgão de origem, a aposentadoria voluntária. Ato contínuo, o processo foi encaminhado ao Tribunal de Contas da União, o qual verificou algumas inconsistências no deferimento do pedido, de modo que está tendente a negar o registro da aposentadoria, sendo certo que o processo chegou na Corte de Contas há apenas um ano. Diante dessa situação hipotética, responda como advogado(a), fundamentadamente, aos questionamentos a seguir

Perguntas:
1. O ato aposentadoria de Esglobênia estava perfeito, ou seja, completou o seu ciclo de formação, antes do pronunciamento da Corte de Contas? Justifique.

2. Para negar o registro da aposentadoria de Esglobênia, o Tribunal de Contas precisa observar a ampla defesa e o contraditório? Justifique.","Não. A concessão de aposentadoria configura ato complexo que só estará perfeito após pronunciamento da Corte de Contas, nos termos do Art. 71, inciso III, da CRFB/88 ou Súmula Vinculante nº 3. Não. O contraditório e a ampla defesa são assegurados no Tribunal de Contas da União quando da decisão puder resultar anulação ou revogação de ato administrativo, excetuada a apreciação de legalidade do ato de concessão inicial de aposentadoria, reforma e pensão, consoante a Súmula Vinculante nº 3.","[{""id"": ""A"", ""secao"": null, ""peso_total"": 0.6, ""componentes"": [{""tipo"": ""semantico"", ""referencia"": ""n\u00e3o. a concess\u00e3o de aposentadoria configura ato complexo que s\u00f3 estar\u00e1 perfeito ap\u00f3s pronunciamento da corte de contas"", ""peso"": 0.5}, {""tipo"": ""legislacao"", ""termos"": [""art 71"", ""inciso iii"", ""crfb"", ""sumula 71"", ""sumula 88"", ""sumula 3""], ""peso"": 0.1}]}, {""id"": ""B"", ""secao"": null, ""peso_total"": 0.65, ""componentes"": [{""tipo"": ""semantico"", ""referencia"": ""n\u00e3o. o contradit\u00f3rio e a ampla defesa s\u00e3o assegurados no tribunal de contas da uni\u00e3o quando da decis\u00e3o puder resultar anula\u00e7\u00e3o ou revoga\u00e7\u00e3o de ato administrativo, excetuada a aprecia\u00e7\u00e3o de legalidade do ato de concess\u00e3o inicial de aposentadoria, reforma e pens\u00e3o"", ""peso"": 0.55}, {""tipo"": ""legislacao"", ""termos"": [""sumula 3""], ""peso"": 0.1}]}]",1.25,dificil,Direito Administrativo,Registro de aposentadoria pelo Tribunal de Contas e contraditório,72,1,41,
41_direito_administrativo_questao_2,QUESTÃO,J1,"Você é um bacharel em direito que está realizando a segunda fase da prova da Ordem dos Advogados do Brasil (OAB), organizada pela FGV. Sua tarefa é responder às questões discursivas e elaborar uma peça processual, demonstrando seu conhecimento jurídico, capacidade de raciocínio e habilidade de aplicar a legislação e jurisprudência pertinentes ao caso apresentado.

# ATENÇÃO

Na elaboração dos textos da peça prático-profissional e das respostas às questões discursivas, você deverá incluir todos os dados que se façam necessários, sem, contudo, produzir qualquer identificação ou informações além daquelas fornecidas e permitidas nos enunciados contidos no caderno de prova. A omissão de dados que forem legalmente exigidos ou necessários para a correta solução do problema proposto acarretará em descontos na pontuação atribuída a você nesta fase. Você deve estar atento para não gerar nenhum dado diferente que dê origem a uma marca identificadora.

A detecção de qualquer marca identificadora no espaço destinado à transcrição dos textos definitivos acarretará a anulação da prova prático-profissional e a eliminação de você. Assim, por exemplo, no fechamento da peça, você deve optar por utilizar apenas “reticências” ou “XXX”, ou seja: data “...” ou Data “XXX”, local “...” ou Local “XXX”, Advogado “...” ou Advogado “XXX”, inscrição OAB “...” ou Inscrição OAB “XXX”, destacando-se que, no corpo das respostas, você não deverá criar nenhum dado gerador de marca de identificação.

# OBSERVAÇÔES

PEÇA PRÁTICO-PROFISSIONAL: A peça deve abranger todos os fundamentos de Direito que possam ser utilizados para dar respaldo à pretensão. A simples menção ou transcrição do dispositivo legal não confere pontuação.

QUESTÃO: Você deve fundamentar suas respostas. A mera citação do dispositivo legal não confere pontuação.

A partir de agora, todas as suas respostas comporão o texto definitivo (não o caderno de rascunhos).
","A sociedade de economia mista federal XYZ entrou em contato com a sociedade empresária ABC, de notória especialização, que fornece serviço técnico especializado de publicidade e divulgação, visando à celebração de um contrato administrativo. Durante as tratativas, um dos representantes da estatal afirmou que, em razão da expertise da entidade ABC, seria possível a contratação direta, afastando-se a necessidade de licitação. Nesse contexto, o contrato administrativo foi celebrado sem o prévio processo licitatório. Passados alguns meses, o diretor-executivo da sociedade empresária ABC foi informado de que o órgão de controle externo da estatal estava analisando a regularidade da contratação, em razão de indícios de superfaturamento. Dessa forma, ele solicitou à sua equipe jurídica os devidos esclarecimentos sobre a temática. Diante dessa situação hipotética, com base na legislação que dispõe sobre o estatuto jurídico da empresa pública e da sociedade de economia mista e de suas subsidiárias, responda aos itens a seguir

Perguntas:
1. A contratação direta da sociedade empresária ABC pela sociedade de economia mista federal XYZ, no caso em tela, cumpriu as exigências legais? Justifique.

2. Caso o órgão de controle externo da estatal verifique superfaturamento na contratação, quem responderá pelo dano causado? Justifique.","Não. A contratação direta, em razão da inexigibilidade de licitação, é vedada para serviços de publicidade e de divulgação, nos termos do Art. 30, inciso II, ou Art. 28, caput, ambos da Lei nº 13.303/2016. Nos casos de inexigibilidade de licitação, se comprovado pelo órgão de controle externo sobrepreço ou superfaturamento, respondem, solidariamente, pelo dano causado, quem houver decidido pela contratação direta e o fornecedor ou o prestador de serviços, na forma do Art. 30, §2º, da Lei nº 13.303/2016.",[],1.25,dificil,Direito Administrativo,Contratação direta e responsabilidade por superfaturamento em estatais,73,2,41,
41_direito_administrativo_questao_3,QUESTÃO,J1,"Você é um bacharel em direito que está realizando a segunda fase da prova da Ordem dos Advogados do Brasil (OAB), organizada pela FGV. Sua tarefa é responder às questões discursivas e elaborar uma peça processual, demonstrando seu conhecimento jurídico, capacidade de raciocínio e habilidade de aplicar a legislação e jurisprudência pertinentes ao caso apresentado.

# ATENÇÃO

Na elaboração dos textos da peça prático-profissional e das respostas às questões discursivas, você deverá incluir todos os dados que se façam necessários, sem, contudo, produzir qualquer identificação ou informações além daquelas fornecidas e permitidas nos enunciados contidos no caderno de prova. A omissão de dados que forem legalmente exigidos ou necessários para a correta solução do problema proposto acarretará em descontos na pontuação atribuída a você nesta fase. Você deve estar atento para não gerar nenhum dado diferente que dê origem a uma marca identificadora.

A detecção de qualquer marca identificadora no espaço destinado à transcrição dos textos definitivos acarretará a anulação da prova prático-profissional e a eliminação de você. Assim, por exemplo, no fechamento da peça, você deve optar por utilizar apenas “reticências” ou “XXX”, ou seja: data “...” ou Data “XXX”, local “...” ou Local “XXX”, Advogado “...” ou Advogado “XXX”, inscrição OAB “...” ou Inscrição OAB “XXX”, destacando-se que, no corpo das respostas, você não deverá criar nenhum dado gerador de marca de identificação.

# OBSERVAÇÔES

PEÇA PRÁTICO-PROFISSIONAL: A peça deve abranger todos os fundamentos de Direito que possam ser utilizados para dar respaldo à pretensão. A simples menção ou transcrição do dispositivo legal não confere pontuação.

QUESTÃO: Você deve fundamentar suas respostas. A mera citação do dispositivo legal não confere pontuação.

A partir de agora, todas as suas respostas comporão o texto definitivo (não o caderno de rascunhos).
","Determinada organização da sociedade civil tem, entre as suas principais atribuições, o desenvolvimento de projetos voltados para a alimentação saudável de crianças em idade escolar. Após aprofundado estudo, a entidade elaborou uma proposta que acredita ser de grande interesse para o Poder Público. Assim, deseja apresentá-la, a fim de que a Administração avalie a possibilidade de realizar um chamamento público para estabelecer uma parceria com fulcro na Lei nº 13.019/2014. Em razão disso, os representantes da mencionada organização da sociedade civil buscaram sua assessoria jurídica para dirimir as dúvidas a seguir

Perguntas:
1. Qual é o instrumento previsto na norma em comento que viabiliza a apresentação da proposta pretendida pela mencionada organização da sociedade civil? Justifique.

2. A organização da sociedade civil ficaria impedida de participar de eventual chamamento público que venha a ser realizado a partir de sua proposta? Justifique.","O Procedimento de Manifestação de Interesse Social é o instrumento por meio do qual as organizações da sociedade civil poderão apresentar propostas ao Poder Público para que este avalie a possibilidade de realização de um chamamento público objetivando a celebração de uma parceria, nos termos do Art. 18 da Lei nº 13.019/2014. Não. A proposição no Procedimento de Manifestação de Interesse Social não impede a organização da sociedade civil de participar no eventual chamamento público subsequente, nos termos do Art. 21, §2º, da Lei nº 13.019/2014.","[{""id"": ""A"", ""secao"": null, ""peso_total"": 0.6, ""componentes"": [{""tipo"": ""semantico"", ""referencia"": ""o instrumento previsto \u00e9 o procedimento de manifesta\u00e7\u00e3o de interesse social"", ""peso"": 0.5}, {""tipo"": ""legislacao"", ""termos"": [""art 18""], ""peso"": 0.1}]}, {""id"": ""B"", ""secao"": null, ""peso_total"": 0.65, ""componentes"": [{""tipo"": ""legislacao"", ""termos"": [], ""peso"": 0.55}, {""tipo"": ""legislacao"", ""termos"": [""art 21""], ""peso"": 0.1}]}]",1.25,medio,Direito Administrativo,Procedimento de Manifestação de Interesse Social (PMIS) e chamamento público,74,3,41,
41_direito_administrativo_questao_4,QUESTÃO,J1,"Você é um bacharel em direito que está realizando a segunda fase da prova da Ordem dos Advogados do Brasil (OAB), organizada pela FGV. Sua tarefa é responder às questões discursivas e elaborar uma peça processual, demonstrando seu conhecimento jurídico, capacidade de raciocínio e habilidade de aplicar a legislação e jurisprudência pertinentes ao caso apresentado.

# ATENÇÃO

Na elaboração dos textos da peça prático-profissional e das respostas às questões discursivas, você deverá incluir todos os dados que se façam necessários, sem, contudo, produzir qualquer identificação ou informações além daquelas fornecidas e permitidas nos enunciados contidos no caderno de prova. A omissão de dados que forem legalmente exigidos ou necessários para a correta solução do problema proposto acarretará em descontos na pontuação atribuída a você nesta fase. Você deve estar atento para não gerar nenhum dado diferente que dê origem a uma marca identificadora.

A detecção de qualquer marca identificadora no espaço destinado à transcrição dos textos definitivos acarretará a anulação da prova prático-profissional e a eliminação de você. Assim, por exemplo, no fechamento da peça, você deve optar por utilizar apenas “reticências” ou “XXX”, ou seja: data “...” ou Data “XXX”, local “...” ou Local “XXX”, Advogado “...” ou Advogado “XXX”, inscrição OAB “...” ou Inscrição OAB “XXX”, destacando-se que, no corpo das respostas, você não deverá criar nenhum dado gerador de marca de identificação.

# OBSERVAÇÔES

PEÇA PRÁTICO-PROFISSIONAL: A peça deve abranger todos os fundamentos de Direito que possam ser utilizados para dar respaldo à pretensão. A simples menção ou transcrição do dispositivo legal não confere pontuação.

QUESTÃO: Você deve fundamentar suas respostas. A mera citação do dispositivo legal não confere pontuação.

A partir de agora, todas as suas respostas comporão o texto definitivo (não o caderno de rascunhos).
","Antes da edição do decreto expropriatório, Fábio tomou conhecimento de que a União deseja desapropriar uma grande propriedade rural de sua titularidade, situada na zona rural do Município Delta, para construir um aeroporto. Em razão disso, ele busca sua assessoria jurídica para esclarecer as dúvidas elencadas a seguir, que deverão ser respondidas à luz do ordenamento vigente

Perguntas:
1. A fim de concretizar a intervenção do Estado na propriedade, antes do ajuizamento da respectiva ação, o Poder Público deve fazer uma oferta a Fábio? Justifique.

2. A fim de alcançar a justa indenização na situação descrita, é possível a utilização de arbitragem? Justifique.","Sim. O Poder Público deverá notificar o proprietário e apresentar uma oferta e indenização antes do ajuizamento da ação de desapropriação, nos termos do Art. 10-A do Decreto-Lei nº 3.365/1941. Sim. É possível a opção pela arbitragem nos procedimentos de desapropriação por necessidade ou utilidade pública, consoante o Art. 10-B do Decreto-Lei nº 3.365/1941.","[{""id"": ""A"", ""secao"": null, ""peso_total"": 0.6, ""componentes"": [{""tipo"": ""semantico"", ""referencia"": ""sim. o poder p\u00fablico dever\u00e1 notificar o propriet\u00e1rio e apresentar-lhe oferta e indeniza\u00e7\u00e3o antes do ajuizamento da a\u00e7\u00e3o de desapropria\u00e7\u00e3o"", ""peso"": 0.5}, {""tipo"": ""legislacao"", ""termos"": [""art 10""], ""peso"": 0.1}]}, {""id"": ""B"", ""secao"": null, ""peso_total"": 0.65, ""componentes"": [{""tipo"": ""semantico"", ""referencia"": ""sim. \u00e9 poss\u00edvel a op\u00e7\u00e3o pela arbitragem nos procedimentos de desapropria\u00e7\u00e3o por necessidade ou utilidade p\u00fablica"", ""peso"": 0.55}, {""tipo"": ""legislacao"", ""termos"": [""art 10""], ""peso"": 0.1}]}]",1.25,dificil,Direito Administrativo,Desapropriação e indenização com uso de arbitragem,75,4,41,
41_direito_civil_peca_profissional,PEÇA PRÁTICO-PROFISSIONAL,J1,"Você é um bacharel em direito que está realizando a segunda fase da prova da Ordem dos Advogados do Brasil (OAB), organizada pela FGV. Sua tarefa é responder às questões discursivas e elaborar uma peça processual, demonstrando seu conhecimento jurídico, capacidade de raciocínio e habilidade de aplicar a legislação e jurisprudência pertinentes ao caso apresentado.

# ATENÇÃO

Na elaboração dos textos da peça prático-profissional e das respostas às questões discursivas, você deverá incluir todos os dados que se façam necessários, sem, contudo, produzir qualquer identificação ou informações além daquelas fornecidas e permitidas nos enunciados contidos no caderno de prova. A omissão de dados que forem legalmente exigidos ou necessários para a correta solução do problema proposto acarretará em descontos na pontuação atribuída a você nesta fase. Você deve estar atento para não gerar nenhum dado diferente que dê origem a uma marca identificadora.

A detecção de qualquer marca identificadora no espaço destinado à transcrição dos textos definitivos acarretará a anulação da prova prático-profissional e a eliminação de você. Assim, por exemplo, no fechamento da peça, você deve optar por utilizar apenas “reticências” ou “XXX”, ou seja: data “...” ou Data “XXX”, local “...” ou Local “XXX”, Advogado “...” ou Advogado “XXX”, inscrição OAB “...” ou Inscrição OAB “XXX”, destacando-se que, no corpo das respostas, você não deverá criar nenhum dado gerador de marca de identificação.

# OBSERVAÇÔES

PEÇA PRÁTICO-PROFISSIONAL: A peça deve abranger todos os fundamentos de Direito que possam ser utilizados para dar respaldo à pretensão. A simples menção ou transcrição do dispositivo legal não confere pontuação.

QUESTÃO: Você deve fundamentar suas respostas. A mera citação do dispositivo legal não confere pontuação.

A partir de agora, todas as suas respostas comporão o texto definitivo (não o caderno de rascunhos).
","Paulo adquiriu os direitos possessórios sobre uma casa situada na Rua XYZ, nº 99, em Goiânia, GO, por meio de adjudicação em um processo de inventário, com sentença datada de 21/01/2012, transitada em julgado. O imóvel não tem matrícula regular ou registro de propriedade, situando-se em área onde historicamente há problemas de regularização fundiária. Na casa, Cíntia, como cuidadora, morava com José, pai de Paulo, assistindo-o durante toda a sua enfermidade. Depois da morte do pai, Paulo decidiu realizar o desejo dele, que fora manifestado oralmente antes do falecimento, ou seja, permitir que Cíntia, exclusivamente, residisse no imóvel pelo tempo que julgasse necessário, enquanto viva fosse. Assim, em 30/01/2012, poucos dias após a sentença de adjudicação, Paulo e Cíntia se encontraram para a celebração de contrato de comodato, no qual ficou ajustado que ela poderia residir no imóvel pelo tempo que quisesse. Doze anos depois, em 10/01/2024, Paulo foi informado pelo síndico do condomínio de que Cíntia falecera de infarto fulminante no dia anterior, deixando no imóvel o seu filho João. Em 11/01/2024, Paulo notificou João para que, no prazo de 30 (trinta) dias, restituísse o bem, com a entrega das chaves na portaria. Ocorre que João descumpriu a ordem, enviando contra-notificação, em 20/01/2024, informando que não reconhecia a posse de Paulo, porque sabe que o imóvel não tem matrícula regular ou registro de propriedade, sendo ele o verdadeiro dono do bem, por força de usucapião. O imóvel está avaliado em R$ 200.000,00 (duzentos mil reais). Na qualidade de advogado(a) de Paulo, elabore a peça processual cabível para a defesa imediata dos interesses de seu cliente, indicando seus requisitos e fundamentos nos termos da legislação vigente. (Valor: 5,00) Obs.: a peça deve abranger todos os fundamentos de Direito que possam ser utilizados para dar respaldo à pretensão. A simples menção ou transcrição do dispositivo legal não confere pontuação.","A peça processual adequada é a petição inicial de ação de reintegração de posse (Art. 560 do Código de Processo Civil). A parte autora (Paulo) deve propor a demanda em face de João (réu), pelo rito especial do Art. 560 e pelos seguintes presentes no Código de Processo Civil, em razão da propositura da demanda dentro de ano e dia do esbulho (Art. 558 do Código de Processo Civil), distribuindo a ação em uma das Varas Cíveis da Comarca de Goiânia/GO, requerendo gratuidade de justiça ou informando o recolhimento das custas iniciais. No mérito, deve o demandante argumentar, em seus fundamentos jurídicos, que: (i) na qualidade de possuidor do bem, cedeu a posse direta, voluntariamente, à Cíntia, por meio de contrato de comodato, na forma do Art. 579 do Código Civil, mantendo a posse indireta sobre o bem, como admite o Art. 1.197 do Código Civil; (ii) o contrato se extinguiu pela morte da comodatária (Cíntia), na forma do Art. 581 do Código Civil; (iii) a posse de João é injusta, porque precária, na forma do Art. 1.200 do Código Civil; (iv) a negativa de João de restituir o bem configura o ato de esbulho possessório, ante a perda do poder sobre o bem, como preceitua o Art. 1.223 do Código Civil; (v) em face do esbulho tem o direito a ser reintegrado na posse do bem, como garante o Art. 1.210 do Código Civil, não obstando a reintegração a alegação de propriedade (por usucapião) realizada pelo réu, conforme Art. 1.210, § 2º, do Código Civil; (vi) o autor faz prova documental (a) da posse anterior de Paulo; (b) do esbulho; (c) da data do esbulho; e (d) da perda da posse, na forma do Art. 561 do Código de Processo Civil; (vii) considerando que a inicial está devidamente instruída, o juiz deve deferir, sem ouvir o réu, a medida liminar de reintegração de posse, na forma do Art. 562 do Código de Processo Civil. Por tais razões, o autor deve pedir: (i) a concessão da medida liminar, com a expedição do mandado de reintegração de posse; (ii) a procedência do pedido para determinar a reintegração do autor na posse do imóvel; (iii) a condenação do réu ao pagamento de custas e honorários de sucumbência. O autor deve informar o valor da causa em R$200.000,00 (duzentos mil reais), aplicando-se analogicamente o disposto no Art. 292, inciso IV, do Código de Processo Civil, protestando pela produção de provas. Finalizando a peça, indicar local, data, nome e OAB. Prova Prático-Profissional","[{""id"": ""1"", ""secao"": ""Endere\u00e7amento"", ""peso_total"": 0.1, ""componentes"": [{""tipo"": ""semantico"", ""referencia"": ""a a\u00e7\u00e3o deve ser ajuizada perante uma das varas c\u00edveis da comarca de goi\u00e2nia/go"", ""peso"": 0.1}]}, {""id"": ""2"", ""secao"": ""Endere\u00e7amento"", ""peso_total"": 0.2, ""componentes"": [{""tipo"": ""semantico"", ""referencia"": ""indica\u00e7\u00e3o do autor, paulo,"", ""peso"": 0.1}, {""tipo"": ""semantico"", ""referencia"": ""e do r\u00e9u jo\u00e3o"", ""peso"": 0.1}]}, {""id"": ""3"", ""secao"": ""Endere\u00e7amento"", ""peso_total"": 0.1, ""componentes"": [{""tipo"": ""semantico"", ""referencia"": ""pedido de gratuidade de justi\u00e7a ou recolhimento das custas iniciais"", ""peso"": 0.1}]}, {""id"": ""4"", ""secao"": ""Fundamenta\u00e7\u00e3o Jur\u00eddica/Legal"", ""peso_total"": 0.35, ""componentes"": [{""tipo"": ""semantico"", ""referencia"": ""demonstrar que a demanda \u00e9 proposta dentro de ano e dia do esbulho"", ""peso"": 0.15}, {""tipo"": ""legislacao"", ""termos"": [""art 558""], ""peso"": 0.1}, {""tipo"": ""legislacao"", ""termos"": [""art 560""], ""peso"": 0.1}]}, {""id"": ""6"", ""secao"": ""Fundamenta\u00e7\u00e3o Jur\u00eddica/Legal"", ""peso_total"": 0.3, ""componentes"": [{""tipo"": ""semantico"", ""referencia"": ""argumentar que cedeu a posse \u00e0 c\u00edntia, por meio de contrato de comodato"", ""peso"": 0.2}, {""tipo"": ""legislacao"", ""termos"": [""art 579""], ""peso"": 0.1}]}, {""id"": ""7"", ""secao"": ""Fundamenta\u00e7\u00e3o Jur\u00eddica/Legal"", ""peso_total"": 0.3, ""componentes"": [{""tipo"": ""semantico"", ""referencia"": ""afirmar que manteve a posse indireta sobre o bem"", ""peso"": 0.2}, {""tipo"": ""legislacao"", ""termos"": [""art 1""], ""peso"": 0.1}]}, {""id"": ""8"", ""secao"": ""Fundamenta\u00e7\u00e3o Jur\u00eddica/Legal"", ""peso_total"": 0.3, ""componentes"": [{""tipo"": ""semantico"", ""referencia"": """", ""peso"": 0.2}, {""tipo"": ""legislacao"", ""termos"": [""art 581""], ""peso"": 0.1}]}, {""id"": ""9"", ""secao"": ""Fundamenta\u00e7\u00e3o Jur\u00eddica/Legal"", ""peso_total"": 0.3, ""componentes"": [{""tipo"": ""semantico"", ""referencia"": ""apontar que a posse de jo\u00e3o \u00e9 injusta, porque prec\u00e1ria"", ""peso"": 0.2}, {""tipo"": ""legislacao"", ""termos"": [""art 1""], ""peso"": 0.1}]}, {""id"": ""10"", ""secao"": ""Fundamenta\u00e7\u00e3o Jur\u00eddica/Legal"", ""peso_total"": 0.4, ""componentes"": [{""tipo"": ""semantico"", ""referencia"": ""salientar que a negativa de jo\u00e3o de restituir o bem configura o ato de esbulho possess\u00f3rio"", ""peso"": 0.2}, {""tipo"": ""semantico"", ""referencia"": "", ante a perda do poder sobre o bem"", ""peso"": 0.1}, {""tipo"": ""legislacao"", ""termos"": [""art 1""], ""peso"": 0.1}]}, {""id"": ""11"", ""secao"": ""Fundamenta\u00e7\u00e3o Jur\u00eddica/Legal"", ""peso_total"": 0.3, ""componentes"": [{""tipo"": ""semantico"", ""referencia"": ""sustentar que, em face do esbulho, tem o direito a ser reintegrado na posse do bem"", ""peso"": 0.2}, {""tipo"": ""legislacao"", ""termos"": [""art 1""], ""peso"": 0.1}]}, {""id"": ""12"", ""secao"": ""Fundamenta\u00e7\u00e3o Jur\u00eddica/Legal"", ""peso_total"": 0.3, ""componentes"": [{""tipo"": ""semantico"", ""referencia"": ""realizada pelo r\u00e9u n\u00e3o obsta a reintegra\u00e7\u00e3o"", ""peso"": 0.2}, {""tipo"": ""legislacao"", ""termos"": [""art 1""], ""peso"": 0.1}]}, {""id"": ""13"", ""secao"": ""Fundamenta\u00e7\u00e3o Jur\u00eddica/Legal"", ""peso_total"": 0.3, ""componentes"": [{""tipo"": ""semantico"", ""referencia"": ""da perda da posse"", ""peso"": 0.2}, {""tipo"": ""legislacao"", ""termos"": [""art 561""], ""peso"": 0.1}]}, {""id"": ""14"", ""secao"": ""Fundamenta\u00e7\u00e3o Jur\u00eddica/Legal"", ""peso_total"": 0.3, ""componentes"": [{""tipo"": ""semantico"", ""referencia"": ""aduzir que, estando a inicial devidamente instru\u00edda, o juiz deve deferir, sem ouvir o r\u00e9u, a medida liminar de reintegra\u00e7\u00e3o de posse"", ""peso"": 0.2}, {""tipo"": ""legislacao"", ""termos"": [""art 562""], ""peso"": 0.1}]}, {""id"": ""15"", ""secao"": ""Pedidos"", ""peso_total"": 0.4, ""componentes"": [{""tipo"": ""semantico"", ""referencia"": ""concess\u00e3o da medida liminar"", ""peso"": 0.25}, {""tipo"": ""semantico"", ""referencia"": "", com a expedi\u00e7\u00e3o do mandado de reintegra\u00e7\u00e3o de posse"", ""peso"": 0.15}]}, {""id"": ""16"", ""secao"": ""Pedidos"", ""peso_total"": 0.25, ""componentes"": [{""tipo"": ""semantico"", ""referencia"": ""reintegra\u00e7\u00e3o do autor na posse do bem"", ""peso"": 0.25}]}, {""id"": ""17"", ""secao"": ""Pedidos"", ""peso_total"": 0.2, ""componentes"": [{""tipo"": ""semantico"", ""referencia"": ""cita\u00e7\u00e3o do r\u00e9u para, querendo, apresentar contesta\u00e7\u00e3o"", ""peso"": 0.1}, {""tipo"": ""legislacao"", ""termos"": [""art 564""], ""peso"": 0.1}]}, {""id"": ""18"", ""secao"": ""Pedidos"", ""peso_total"": 0.4, ""componentes"": [{""tipo"": ""semantico"", ""referencia"": ""condena\u00e7\u00e3o do r\u00e9u ao pagamento das custas"", ""peso"": 0.1}, {""tipo"": ""semantico"", ""referencia"": ""e honor\u00e1rios de advogado"", ""peso"": 0.1}, {""tipo"": ""semantico"", ""referencia"": ""ou no \u00f4nus de sucumb\u00eancia"", ""peso"": 0.2}]}, {""id"": ""19"", ""secao"": ""Pedidos"", ""peso_total"": 0.1, ""componentes"": [{""tipo"": ""semantico"", ""referencia"": ""protestar pela produ\u00e7\u00e3o de provas"", ""peso"": 0.1}]}, {""id"": ""20"", ""secao"": ""Fechamento"", ""peso_total"": 0.1, ""componentes"": [{""tipo"": ""semantico"", ""referencia"": ""indica\u00e7\u00e3o do valor da causa"", ""peso"": 0}, {""tipo"": ""semantico"", ""referencia"": """", ""peso"": 0.1}]}, {""id"": ""21"", ""secao"": ""Fechamento"", ""peso_total"": 0.1, ""componentes"": [{""tipo"": ""semantico"", ""referencia"": ""local, data, assinatura e oab"", ""peso"": 0.1}]}]",5.0,muito_dificil,Direito Civil,Ação de reintegração de posse em comodato com alegação de usucapião,76,,41,
41_direito_civil_questao_1,QUESTÃO,J1,"Você é um bacharel em direito que está realizando a segunda fase da prova da Ordem dos Advogados do Brasil (OAB), organizada pela FGV. Sua tarefa é responder às questões discursivas e elaborar uma peça processual, demonstrando seu conhecimento jurídico, capacidade de raciocínio e habilidade de aplicar a legislação e jurisprudência pertinentes ao caso apresentado.

# ATENÇÃO

Na elaboração dos textos da peça prático-profissional e das respostas às questões discursivas, você deverá incluir todos os dados que se façam necessários, sem, contudo, produzir qualquer identificação ou informações além daquelas fornecidas e permitidas nos enunciados contidos no caderno de prova. A omissão de dados que forem legalmente exigidos ou necessários para a correta solução do problema proposto acarretará em descontos na pontuação atribuída a você nesta fase. Você deve estar atento para não gerar nenhum dado diferente que dê origem a uma marca identificadora.

A detecção de qualquer marca identificadora no espaço destinado à transcrição dos textos definitivos acarretará a anulação da prova prático-profissional e a eliminação de você. Assim, por exemplo, no fechamento da peça, você deve optar por utilizar apenas “reticências” ou “XXX”, ou seja: data “...” ou Data “XXX”, local “...” ou Local “XXX”, Advogado “...” ou Advogado “XXX”, inscrição OAB “...” ou Inscrição OAB “XXX”, destacando-se que, no corpo das respostas, você não deverá criar nenhum dado gerador de marca de identificação.

# OBSERVAÇÔES

PEÇA PRÁTICO-PROFISSIONAL: A peça deve abranger todos os fundamentos de Direito que possam ser utilizados para dar respaldo à pretensão. A simples menção ou transcrição do dispositivo legal não confere pontuação.

QUESTÃO: Você deve fundamentar suas respostas. A mera citação do dispositivo legal não confere pontuação.

A partir de agora, todas as suas respostas comporão o texto definitivo (não o caderno de rascunhos).
","Joaquim conduzia seu automóvel por avenida movimentada do bairro de Copacabana, no Rio de Janeiro, em velocidade acima da permitida, após consumir elevada dose de bebida alcoólica. Ao tentar desviar de outro veículo, Joaquim perdeu o controle e subiu na calçada, vindo a colidir contra um poste. Maria, que andava pela calçada, viu o momento em que Joaquim perdeu o controle de seu automóvel e, para salvar Joana, que estava ao seu lado, empurrou-a, vindo ambas a caírem em cima da vidraça de uma loja. Na queda, quebraram o vidro e danificaram alguns itens que estavam em exibição na vitrine. Sobre o caso narrado, responda aos itens a seguir

Perguntas:
1. Maria praticou ato ilícito ao empurrar Joana, quebrando o vidro e danificando os itens da vitrine? Justifique.

2. Maria, uma vez demandada em Juízo pelo dono da loja para ser indenizado pelos danos sofridos, poderá provocar intervenção de terceiros? Caso afirmativo, qual a modalidade e em face de quem? Justifique.","Maria não cometeu ato ilícito ao empurrar Joana, eis que agiu em estado de necessidade, conforme o Art. 188, inciso II, do CC. Maria poderá denunciar a lide em face de Joaquim, com amparo no Art. 125, inciso II, do CPC, pois tem direito de regresso em face deste, conforme o Art. 930 do CC.","[{""id"": ""A"", ""secao"": null, ""peso_total"": 0.65, ""componentes"": [{""tipo"": ""semantico"", ""referencia"": ""n\u00e3o, pois agiu em estado de necessidade"", ""peso"": 0.55}, {""tipo"": ""legislacao"", ""termos"": [""art 188"", ""inciso ii""], ""peso"": 0.1}]}, {""id"": ""B"", ""secao"": null, ""peso_total"": 0.6, ""componentes"": [{""tipo"": ""semantico"", ""referencia"": ""sim. maria poder\u00e1 denunciar a lide em face de joaquim"", ""peso"": 0.2}, {""tipo"": ""legislacao"", ""termos"": [""art 125"", ""inciso ii""], ""peso"": 0.1}, {""tipo"": ""semantico"", ""referencia"": "", pois tem direito de regresso em face deste"", ""peso"": 0.2}, {""tipo"": ""legislacao"", ""termos"": [""art 930""], ""peso"": 0.1}]}]",1.25,dificil,Direito Civil,Estado de necessidade e denunciação da lide,77,1,41,
41_direito_civil_questao_2,QUESTÃO,J1,"Você é um bacharel em direito que está realizando a segunda fase da prova da Ordem dos Advogados do Brasil (OAB), organizada pela FGV. Sua tarefa é responder às questões discursivas e elaborar uma peça processual, demonstrando seu conhecimento jurídico, capacidade de raciocínio e habilidade de aplicar a legislação e jurisprudência pertinentes ao caso apresentado.

# ATENÇÃO

Na elaboração dos textos da peça prático-profissional e das respostas às questões discursivas, você deverá incluir todos os dados que se façam necessários, sem, contudo, produzir qualquer identificação ou informações além daquelas fornecidas e permitidas nos enunciados contidos no caderno de prova. A omissão de dados que forem legalmente exigidos ou necessários para a correta solução do problema proposto acarretará em descontos na pontuação atribuída a você nesta fase. Você deve estar atento para não gerar nenhum dado diferente que dê origem a uma marca identificadora.

A detecção de qualquer marca identificadora no espaço destinado à transcrição dos textos definitivos acarretará a anulação da prova prático-profissional e a eliminação de você. Assim, por exemplo, no fechamento da peça, você deve optar por utilizar apenas “reticências” ou “XXX”, ou seja: data “...” ou Data “XXX”, local “...” ou Local “XXX”, Advogado “...” ou Advogado “XXX”, inscrição OAB “...” ou Inscrição OAB “XXX”, destacando-se que, no corpo das respostas, você não deverá criar nenhum dado gerador de marca de identificação.

# OBSERVAÇÔES

PEÇA PRÁTICO-PROFISSIONAL: A peça deve abranger todos os fundamentos de Direito que possam ser utilizados para dar respaldo à pretensão. A simples menção ou transcrição do dispositivo legal não confere pontuação.

QUESTÃO: Você deve fundamentar suas respostas. A mera citação do dispositivo legal não confere pontuação.

A partir de agora, todas as suas respostas comporão o texto definitivo (não o caderno de rascunhos).
","O gado Nelore criado por Duarte vem sofrendo de doença desconhecida. Inocêncio, produtor rural, comprometeu-se a ajudá-lo, conseguindo que o melhor veterinário da região e também produtor rural, Matias, concordasse em visitar o rebanho de Duarte em, no máximo, três dias, em virtude da urgência da situação. Matias aceitou o compromisso, mas não compareceu em razão dos seus próprios compromissos em sua fazenda, especialmente por causa do recebimento de duas novas máquinas agrícolas. Na semana seguinte, Matias foi até a fazenda de Duarte e constatou a morte de toda a criação. Duarte, diante disso, acionou Inocêncio e Matias pleiteando indenização pelos danos sofridos. Sobre a hipótese narrada, responda aos itens a seguir.

Perguntas:
1. O pedido de perdas e danos em face de Inocêncio merece prosperar? Justifique.

2. Se Matias for condenado, as duas máquinas agrícolas de sua propriedade poderão ser penhoradas? Justifique.","Não. Trata-se de promessa de fato de terceiro. Inocêncio se comprometeu a conseguir que Matias, o melhor veterinário da região e produtor rural, visitasse a criação do gado Nelore de Duarte, que padecia de desconhecida doença. Matias aceitou o compromisso, mas não compareceu, o que resultou na morte de toda a criação. O pedido de perdas e danos em face de Inocêncio não merece prosperar, pois Matias se obrigou, exonerando Inocêncio, de acordo com o Art. 440 do Código Civil. Não. As máquinas agrícolas de Matias são consideradas necessárias ao exercício da profissão e, por isso, são consideradas impenhoráveis, conforme Art. 833, §3º, do Código de Processo Civil.","[{""id"": ""A"", ""secao"": null, ""peso_total"": 0.65, ""componentes"": [{""tipo"": ""semantico"", ""referencia"": ""n\u00e3o. tratando-se de promessa de fato de terceiro"", ""peso"": 0.3}, {""tipo"": ""legislacao"", ""termos"": [], ""peso"": 0.25}, {""tipo"": ""legislacao"", ""termos"": [""art 440""], ""peso"": 0.1}]}, {""id"": ""B"", ""secao"": null, ""peso_total"": 0.6, ""componentes"": [{""tipo"": ""semantico"", ""referencia"": ""n\u00e3o. as m\u00e1quinas agr\u00edcolas pertencentes \u00e0 pessoa f\u00edsica s\u00e3o impenhor\u00e1veis, porque s\u00e3o necess\u00e1rias ao exerc\u00edcio da profiss\u00e3o de matias"", ""peso"": 0.5}, {""tipo"": ""legislacao"", ""termos"": [""art 833""], ""peso"": 0.1}]}]",1.25,dificil,Direito Civil,Responsabilidade por promessa de fato de terceiro e impenhorabilidade de bens essenciais,78,2,41,
41_direito_civil_questao_3,QUESTÃO,J1,"Você é um bacharel em direito que está realizando a segunda fase da prova da Ordem dos Advogados do Brasil (OAB), organizada pela FGV. Sua tarefa é responder às questões discursivas e elaborar uma peça processual, demonstrando seu conhecimento jurídico, capacidade de raciocínio e habilidade de aplicar a legislação e jurisprudência pertinentes ao caso apresentado.

# ATENÇÃO

Na elaboração dos textos da peça prático-profissional e das respostas às questões discursivas, você deverá incluir todos os dados que se façam necessários, sem, contudo, produzir qualquer identificação ou informações além daquelas fornecidas e permitidas nos enunciados contidos no caderno de prova. A omissão de dados que forem legalmente exigidos ou necessários para a correta solução do problema proposto acarretará em descontos na pontuação atribuída a você nesta fase. Você deve estar atento para não gerar nenhum dado diferente que dê origem a uma marca identificadora.

A detecção de qualquer marca identificadora no espaço destinado à transcrição dos textos definitivos acarretará a anulação da prova prático-profissional e a eliminação de você. Assim, por exemplo, no fechamento da peça, você deve optar por utilizar apenas “reticências” ou “XXX”, ou seja: data “...” ou Data “XXX”, local “...” ou Local “XXX”, Advogado “...” ou Advogado “XXX”, inscrição OAB “...” ou Inscrição OAB “XXX”, destacando-se que, no corpo das respostas, você não deverá criar nenhum dado gerador de marca de identificação.

# OBSERVAÇÔES

PEÇA PRÁTICO-PROFISSIONAL: A peça deve abranger todos os fundamentos de Direito que possam ser utilizados para dar respaldo à pretensão. A simples menção ou transcrição do dispositivo legal não confere pontuação.

QUESTÃO: Você deve fundamentar suas respostas. A mera citação do dispositivo legal não confere pontuação.

A partir de agora, todas as suas respostas comporão o texto definitivo (não o caderno de rascunhos).
","Iara, atriz famosa por interpretar papéis de protagonista em diversas novelas, descobre que seu nome e sua imagem vêm sendo utilizados, indevidamente e sem sua autorização, por uma clínica de estética, em publicidade anunciando seus serviços. Na publicidade em questão, constava a foto da atriz com uma frase, entre aspas, dizendo que ela só realizava procedimentos estéticos naquela clínica, por considerá-la a melhor do ramo. Ocorre que a atriz sequer conhecia a referida clínica e não havia autorizado a utilização de sua imagem. Com receio de perder nova oportunidade de trabalho, já em fase de negociação de exclusividade, Iara procura você, como advogado(a), buscando a proibição da utilização de sua imagem pela clínica. Diante do caso narrado, responda aos itens a seguir

Perguntas:
1. Pode haver a proibição da utilização da imagem da atriz? Justifique.

2. Para requerer a imediata cessação da divulgação da imagem, antes de eventual sentença de mérito, qual instrumento processual é cabível? Justifique.","Sim. Na hipótese, a atriz poderá requerer que a clínica de estética seja proibida de utilizar a sua imagem, sem a sua autorização, para fins comerciais, nos termos do Art. 20 do CC ou do Art. 5º, inciso X, da CRFB/88. A imediata cessação da divulgação da imagem poderá ser requerida por meio de tutela de urgência antecipada, em caráter antecedente ou incidental, nos termos do Art. 294, parágrafo único, do CPC.","[{""id"": ""A"", ""secao"": null, ""peso_total"": 0.6, ""componentes"": [{""tipo"": ""semantico"", ""referencia"": ""sim, a atriz poder\u00e1 requerer que a cl\u00ednica de est\u00e9tica seja proibida de utilizar a sua imagem, sem a sua autoriza\u00e7\u00e3o"", ""peso"": 0.5}, {""tipo"": ""legislacao"", ""termos"": [""art 20"", ""art 5"", ""crfb""], ""peso"": 0.1}]}, {""id"": ""B"", ""secao"": null, ""peso_total"": 0.65, ""componentes"": [{""tipo"": ""semantico"", ""referencia"": ""tutela de urg\u00eancia antecipada"", ""peso"": 0.4}, {""tipo"": ""semantico"", ""referencia"": "", em car\u00e1ter antecedente ou incidental"", ""peso"": 0.15}, {""tipo"": ""legislacao"", ""termos"": [""art 294"", ""art 303""], ""peso"": 0.1}]}]",1.25,medio,Direito Civil,Uso indevido de imagem e tutela inibitória com tutela de urgência,79,3,41,
41_direito_civil_questao_4,QUESTÃO,J1,"Você é um bacharel em direito que está realizando a segunda fase da prova da Ordem dos Advogados do Brasil (OAB), organizada pela FGV. Sua tarefa é responder às questões discursivas e elaborar uma peça processual, demonstrando seu conhecimento jurídico, capacidade de raciocínio e habilidade de aplicar a legislação e jurisprudência pertinentes ao caso apresentado.

# ATENÇÃO

Na elaboração dos textos da peça prático-profissional e das respostas às questões discursivas, você deverá incluir todos os dados que se façam necessários, sem, contudo, produzir qualquer identificação ou informações além daquelas fornecidas e permitidas nos enunciados contidos no caderno de prova. A omissão de dados que forem legalmente exigidos ou necessários para a correta solução do problema proposto acarretará em descontos na pontuação atribuída a você nesta fase. Você deve estar atento para não gerar nenhum dado diferente que dê origem a uma marca identificadora.

A detecção de qualquer marca identificadora no espaço destinado à transcrição dos textos definitivos acarretará a anulação da prova prático-profissional e a eliminação de você. Assim, por exemplo, no fechamento da peça, você deve optar por utilizar apenas “reticências” ou “XXX”, ou seja: data “...” ou Data “XXX”, local “...” ou Local “XXX”, Advogado “...” ou Advogado “XXX”, inscrição OAB “...” ou Inscrição OAB “XXX”, destacando-se que, no corpo das respostas, você não deverá criar nenhum dado gerador de marca de identificação.

# OBSERVAÇÔES

PEÇA PRÁTICO-PROFISSIONAL: A peça deve abranger todos os fundamentos de Direito que possam ser utilizados para dar respaldo à pretensão. A simples menção ou transcrição do dispositivo legal não confere pontuação.

QUESTÃO: Você deve fundamentar suas respostas. A mera citação do dispositivo legal não confere pontuação.

A partir de agora, todas as suas respostas comporão o texto definitivo (não o caderno de rascunhos).
","Antônio, casado com Maria em regime de separação voluntária de bens, desde 2015, celebrou um contrato de seguro de vida em 2017, renovando-o anualmente. Antônio não indicou os beneficiários do seguro de vida quando da celebração do contrato, nem em suas consecutivas renovações. Após seu falecimento, que se deu na vigência do contrato de seguro de vida, sua esposa, Maria, individualmente, e seus dois filhos de um relacionamento anterior, Caetano e Caio, conjuntamente, requereram o pagamento integral do capital estipulado no seguro. Maria alega que, na condição de cônjuge, é, por direito, a beneficiária do seguro. Já os filhos alegam que seu pai, ao optar pelo regime da separação de bens, indicou a intenção de que Maria não participasse de seu patrimônio; sendo assim, ela não poderia ser beneficiária, restando tal condição a eles, filhos. Diante dessa situação, você, na qualidade de advogado(a) do corpo jurídico da seguradora é consultado sobre os itens a seguir

Perguntas:
1. O argumento apresentado por Caetano e Caio é válido? Justifique e indique a quem deve ser pago o capital estipulado no contrato.

2. Diante do impasse, qual medida processual a seguradora deve adotar para efetuar o pagamento do capital segurado de forma segura? Justifique.","Não, pois o capital estipulado no seguro de vida não integra o patrimônio de Antônio e a herança, nos termos do Art. 794 do CC, porque, na ausência de indicação de beneficiário, o capital estipulado será dividido entre o cônjuge e os herdeiros, segundo ordem de vocação hereditária, nos termos do Art. 792 do CC. A seguradora deverá ajuizar ação de consignação em pagamento, por haver dúvida sobre quem deve legitimamente receber o pagamento, nos termos do Art. 547 do CPC ou Art. 539 do CPC c/c Art. 335, IV, do CC.","[{""id"": ""A1"", ""secao"": null, ""peso_total"": 0.35, ""componentes"": [{""tipo"": ""semantico"", ""referencia"": ""n\u00e3o, pois o capital estipulado no seguro de vida n\u00e3o integra o patrim\u00f4nio de ant\u00f4nio e a heran\u00e7a"", ""peso"": 0.25}, {""tipo"": ""legislacao"", ""termos"": [""art 794""], ""peso"": 0.1}]}, {""id"": ""A2"", ""secao"": null, ""peso_total"": 0.3, ""componentes"": [{""tipo"": ""semantico"", ""referencia"": ""o capital estipulado ser\u00e1 dividido entre o c\u00f4njuge e os herdeiros"", ""peso"": 0.2}, {""tipo"": ""legislacao"", ""termos"": [""art 792""], ""peso"": 0.1}]}, {""id"": ""B"", ""secao"": null, ""peso_total"": 0.6, ""componentes"": [{""tipo"": ""semantico"", ""referencia"": ""a seguradora dever\u00e1 ajuizar a\u00e7\u00e3o de consigna\u00e7\u00e3o em pagamento"", ""peso"": 0.3}, {""tipo"": ""semantico"", ""referencia"": "", por haver d\u00favida sobre quem deve legitimamente receber o pagamento"", ""peso"": 0.2}, {""tipo"": ""legislacao"", ""termos"": [""art 547"", ""art 539"", ""art 335""], ""peso"": 0.1}]}]",1.25,dificil,Direito Civil,Seguro de vida sem beneficiário e consignação em pagamento,80,4,41,
41_direito_constitucional_peca_profissional,PEÇA PRÁTICO-PROFISSIONAL,J1,"Você é um bacharel em direito que está realizando a segunda fase da prova da Ordem dos Advogados do Brasil (OAB), organizada pela FGV. Sua tarefa é responder às questões discursivas e elaborar uma peça processual, demonstrando seu conhecimento jurídico, capacidade de raciocínio e habilidade de aplicar a legislação e jurisprudência pertinentes ao caso apresentado.

# ATENÇÃO

Na elaboração dos textos da peça prático-profissional e das respostas às questões discursivas, você deverá incluir todos os dados que se façam necessários, sem, contudo, produzir qualquer identificação ou informações além daquelas fornecidas e permitidas nos enunciados contidos no caderno de prova. A omissão de dados que forem legalmente exigidos ou necessários para a correta solução do problema proposto acarretará em descontos na pontuação atribuída a você nesta fase. Você deve estar atento para não gerar nenhum dado diferente que dê origem a uma marca identificadora.

A detecção de qualquer marca identificadora no espaço destinado à transcrição dos textos definitivos acarretará a anulação da prova prático-profissional e a eliminação de você. Assim, por exemplo, no fechamento da peça, você deve optar por utilizar apenas “reticências” ou “XXX”, ou seja: data “...” ou Data “XXX”, local “...” ou Local “XXX”, Advogado “...” ou Advogado “XXX”, inscrição OAB “...” ou Inscrição OAB “XXX”, destacando-se que, no corpo das respostas, você não deverá criar nenhum dado gerador de marca de identificação.

# OBSERVAÇÔES

PEÇA PRÁTICO-PROFISSIONAL: A peça deve abranger todos os fundamentos de Direito que possam ser utilizados para dar respaldo à pretensão. A simples menção ou transcrição do dispositivo legal não confere pontuação.

QUESTÃO: Você deve fundamentar suas respostas. A mera citação do dispositivo legal não confere pontuação.

A partir de agora, todas as suas respostas comporão o texto definitivo (não o caderno de rascunhos).
","Diversas instituições de ensino brasileiras uniram esforços para o desenvolvimento científico do país, o que acarretaria benefícios não só no plano econômico como também no ambiente social. Como fruto desse movimento, foi submetido à apreciação do Presidente da República um anteprojeto de lei, que veio a ser apresentado ao Poder Legislativo e deu origem à Lei nº XX. Nos termos do Art. 1º da Lei nº XX, a União deveria alocar mais recursos, observadas as políticas públicas adotadas por esse ente federativo, nos projetos direcionados ao aperfeiçoamento das teorias científicas, o que consubstancia a pesquisa científica básica, e nos projetos que buscam estabelecer padrões de inovação em atividade de interesse da coletividade, o que aponta para a pesquisa científica tecnológica. O Art. 2º, por sua vez, autorizou que a União celebrasse ajustes com os órgãos e as entidades públicas, bem como com entidades privadas, visando, entre outros objetivos, ao compartilhamento de recursos humanos especializados para a execução de projetos de pesquisa, o que ocorreria mediante contrapartida do beneficiário, não necessariamente financeira. Por fim, o Art. 3º estatuiu que a União poderia oferecer estímulos creditícios para a atuação de inventores independentes, de modo a aprimorar o processo criativo e a favorecer o aproveitamento econômico das invenções. A publicação da Lei nº XX acarretou uma grande repulsa de setores econômicos, que passaram a defender a sua inconstitucionalidade. Eram basicamente três os argumentos que invocavam para sustentar a sua conclusão: (I) normas dessa natureza deveriam ter sido veiculadas em lei complementar, não em lei ordinária; (II) a isonomia foi flagrantemente afrontada ao se permitir tratamento diferenciado em relação a certos aspectos do saber; e, (III) especificamente em relação ao denominado “compartilhamento de recursos humanos especializados”, alegava-se a ausência de previsão constitucional e a consequente afronta à exigência de prévia aprovação em concurso público para o provimento de cargos públicos, sempre que esse compartilhamento ocorresse entre órgãos públicos. Esses argumentos encontraram ressonância em diversos pontos do país, com o correlato ajuizamento de inúmeras ações individuais e coletivas, nas quais a inconstitucionalidade dos artigos 1º a 3º da Lei nº XX era incidentalmente reconhecida, em primeiro e em segundo graus de jurisdição, o que vinha inviabilizando a sua efetiva projeção na realidade. Sensível aos prejuízos para o interesse social que a não aplicação da Lei nº XX vinha acarretando, o Partido Político Alfa, que contava com representantes no Senado Federal, contratou os seus serviços como advogado(a) e solicitou o ajuizamento da ação constitucional cabível, com o objetivo de que fosse requerido o reconhecimento da plena compatibilidade da Lei nº XX com a CRFB/88. Redija a peça processual adequada aos objetivos almejados pelo Partido Político Alfa. (Valor: 5,00) Obs: a peça deve abranger todos os fundamentos de Direito que possam ser utilizados para dar respaldo à pretensão. A simples menção ou transcrição do dispositivo legal não confere pontuação.","A peça adequada é a petição inicial de ação declaratória de constitucionalidade. A petição deve ser endereçada ao Ministro Presidente do Supremo Tribunal Federal, órgão jurisdicional competente para processar e julgar a referida ação, conforme o Art. 102, inciso I, alínea a, da CRFB/88. A ação deve ser proposta pelo Partido Político Alfa. A legitimidade do Partido decorre do disposto no Art. 103, inciso VIII, da CRFB/88. Devem ser indicados, na petição inicial, os artigos 1º, 2º e 3º da Lei nº XX, dispositivos cuja constitucionalidade tem sido questionada. Deve ser justificado o cabimento da ADC, por se tratar de lei federal, nos ternos do Art. 102, inciso I, alínea a, da CRFB/88 em razão da controvérsia judicial relevante, presente nas diversas decisões que negaram aplicação aos artigos 1º a 3º da Lei nº XX, conforme é exigido pelo Art. 14, inciso III, da Lei nº 9.868/99. O examinando deve informar e demonstrar, justificadamente, as normas da CRFB/88 que embasam a constitucionalidade dos artigos 1º a 3º da Lei nº XX, quais sejam: (i) A Lei nº XX é constitucional porque: (i.i) a matéria inserida na Lei nº XX foi corretamente veiculada em lei ordinária, considerando a não exigência de lei complementar pelo Art. 219-B, § 1º, da CRFB/88; A Lei Ordinária nº XX é igualmente constitucional porque: (ii.i) em relação ao Art. 1º, o tratamento prioritário da pesquisa científica básica e tecnológica é expressamente determinado pela ordem constitucional, nos termos do Art. 218, § 1º, da CRFB/88; (ii.ii) quanto ao Art. 2º, a União pode firmar instrumentos de cooperação com órgãos e entidades públicos e com entidades privadas, para o compartilhamento de recursos humanos especializados, visando à execução de projetos de pesquisa, conforme dispõe o Art. 219-A da CRFB/88; (ii.iii) no que diz respeito ao Art. 3º, o Estado deve estimular a atuação dos inventores independentes, de acordo com o Art. 219, parágrafo único, da CRFB/88; (ii.iv) o tratamento diferenciado preconizado pela ordem constitucional não acarreta qualquer mácula à isonomia. Deve ser formulado pedido de medida cautelar, com fundamento no Art. 21 da Lei nº 9.868/99, com o objetivo de suspender os processos judiciais em curso até o julgamento do mérito. O pedido principal deve ser a declaração de constitucionalidade dos Artigos 1º a 3º da Lei nº XX. A petição inicial deve ser instruída com cópias do ato normativo impugnado e dos documentos que comprovem a prolação de decisões judiciais contrárias à constitucionalidade dos Artigos 1º a 3º da Lei nº XX, nos termos do Art. 14, parágrafo único, da Lei nº 9.868/1999. Por fim, deve haver o fechamento da petição pelo advogado.","[{""id"": ""1"", ""secao"": ""Endere\u00e7amento"", ""peso_total"": 0.1, ""componentes"": [{""tipo"": ""semantico"", ""referencia"": ""a peti\u00e7\u00e3o deve ser encaminhada ao ministro presidente do supremo tribunal federal"", ""peso"": 0.1}]}, {""id"": ""2"", ""secao"": ""Endere\u00e7amento"", ""peso_total"": 0.2, ""componentes"": [{""tipo"": ""legislacao"", ""termos"": [], ""peso"": 0.1}, {""tipo"": ""legislacao"", ""termos"": [""art 103"", ""inciso viii"", ""art 2"", ""crfb""], ""peso"": 0.1}]}, {""id"": ""3"", ""secao"": ""Endere\u00e7amento"", ""peso_total"": 0.1, ""componentes"": [{""tipo"": ""legislacao"", ""termos"": [], ""peso"": 0.1}]}, {""id"": ""4"", ""secao"": ""Endere\u00e7amento"", ""peso_total"": 0.4, ""componentes"": [{""tipo"": ""legislacao"", ""termos"": [""art 102"", ""inciso i"", ""crfb""], ""peso"": 0.1}, {""tipo"": ""semantico"", ""referencia"": "", em raz\u00e3o da controv\u00e9rsia judicial relevante"", ""peso"": 0.1}, {""tipo"": ""legislacao"", ""termos"": [], ""peso"": 0.1}, {""tipo"": ""legislacao"", ""termos"": [""art 14"", ""inciso iii""], ""peso"": 0.1}]}, {""id"": ""5"", ""secao"": ""Fundamentos de m\u00e9rito, em rela\u00e7\u00e3o \u00e0 constitucionalidade da Lei federal n\u00ba XX"", ""peso_total"": 0.5, ""componentes"": [{""tipo"": ""legislacao"", ""termos"": [], ""peso"": 0.4}, {""tipo"": ""legislacao"", ""termos"": [""art 219"", ""crfb""], ""peso"": 0.1}]}, {""id"": ""6"", ""secao"": ""Fundamentos de m\u00e9rito, em rela\u00e7\u00e3o \u00e0 constitucionalidade da Lei federal n\u00ba XX"", ""peso_total"": 0.5, ""componentes"": [{""tipo"": ""legislacao"", ""termos"": [""art 1""], ""peso"": 0.4}, {""tipo"": ""legislacao"", ""termos"": [""art 218"", ""crfb""], ""peso"": 0.1}]}, {""id"": ""7"", ""secao"": ""Fundamentos de m\u00e9rito, em rela\u00e7\u00e3o \u00e0 constitucionalidade da Lei federal n\u00ba XX"", ""peso_total"": 0.5, ""componentes"": [{""tipo"": ""legislacao"", ""termos"": [""art 2""], ""peso"": 0.4}, {""tipo"": ""legislacao"", ""termos"": [""art 219"", ""crfb""], ""peso"": 0.1}]}, {""id"": ""8"", ""secao"": ""Fundamentos de m\u00e9rito, em rela\u00e7\u00e3o \u00e0 constitucionalidade da Lei federal n\u00ba XX"", ""peso_total"": 0.5, ""componentes"": [{""tipo"": ""legislacao"", ""termos"": [""art 3""], ""peso"": 0.4}, {""tipo"": ""legislacao"", ""termos"": [""art 219"", ""crfb""], ""peso"": 0.1}]}, {""id"": ""9"", ""secao"": ""Fundamentos de m\u00e9rito, em rela\u00e7\u00e3o \u00e0 constitucionalidade da Lei federal n\u00ba XX"", ""peso_total"": 0.5, ""componentes"": [{""tipo"": ""semantico"", ""referencia"": ""o tratamento diferenciado preconizado pela ordem constitucional n\u00e3o acarreta qualquer m\u00e1cula \u00e0 isonomia"", ""peso"": 0.5}]}, {""id"": ""10"", ""secao"": ""Fundamentos da cautelar"", ""peso_total"": 0.2, ""componentes"": [{""tipo"": ""semantico"", ""referencia"": ""a patente constitucionalidade demonstrada nos fundamentos de m\u00e9rito"", ""peso"": 0.2}]}, {""id"": ""11"", ""secao"": ""Fundamentos da cautelar"", ""peso_total"": 0.4, ""componentes"": [{""tipo"": ""semantico"", ""referencia"": ""o risco na demora, pois est\u00e3o sendo descumpridas as normas afetas \u00e0 pesquisa, o que gera grandes preju\u00edzos para o interesse social, considerando a diminui\u00e7\u00e3o das pesquisas"", ""peso"": 0.4}]}, {""id"": ""12"", ""secao"": ""Pedidos"", ""peso_total"": 0.3, ""componentes"": [{""tipo"": ""semantico"", ""referencia"": ""pedido cautelar, com o objetivo espec\u00edfico de suspender os processos judiciais em curso"", ""peso"": 0.2}, {""tipo"": ""legislacao"", ""termos"": [""art 21""], ""peso"": 0.1}]}, {""id"": ""13"", ""secao"": ""Pedidos"", ""peso_total"": 0.3, ""componentes"": [{""tipo"": ""legislacao"", ""termos"": [], ""peso"": 0.3}]}, {""id"": ""14"", ""secao"": ""Pedidos"", ""peso_total"": 0.4, ""componentes"": [{""tipo"": ""semantico"", ""referencia"": ""a peti\u00e7\u00e3o inicial deve ser instru\u00edda com c\u00f3pias do ato normativo impugnado"", ""peso"": 0.1}, {""tipo"": ""legislacao"", ""termos"": [], ""peso"": 0.2}, {""tipo"": ""legislacao"", ""termos"": [""art 14""], ""peso"": 0.1}]}, {""id"": ""15"", ""secao"": ""Fechamento"", ""peso_total"": 0.1, ""componentes"": [{""tipo"": ""semantico"", ""referencia"": ""local ..., data..., advogado... e oab..."", ""peso"": 0.1}]}]",5.0,muito_dificil,Direito Constitucional,Ação Declaratória de Constitucionalidade (ADC),81,,41,
41_direito_constitucional_questao_1,QUESTÃO,J1,"Você é um bacharel em direito que está realizando a segunda fase da prova da Ordem dos Advogados do Brasil (OAB), organizada pela FGV. Sua tarefa é responder às questões discursivas e elaborar uma peça processual, demonstrando seu conhecimento jurídico, capacidade de raciocínio e habilidade de aplicar a legislação e jurisprudência pertinentes ao caso apresentado.

# ATENÇÃO

Na elaboração dos textos da peça prático-profissional e das respostas às questões discursivas, você deverá incluir todos os dados que se façam necessários, sem, contudo, produzir qualquer identificação ou informações além daquelas fornecidas e permitidas nos enunciados contidos no caderno de prova. A omissão de dados que forem legalmente exigidos ou necessários para a correta solução do problema proposto acarretará em descontos na pontuação atribuída a você nesta fase. Você deve estar atento para não gerar nenhum dado diferente que dê origem a uma marca identificadora.

A detecção de qualquer marca identificadora no espaço destinado à transcrição dos textos definitivos acarretará a anulação da prova prático-profissional e a eliminação de você. Assim, por exemplo, no fechamento da peça, você deve optar por utilizar apenas “reticências” ou “XXX”, ou seja: data “...” ou Data “XXX”, local “...” ou Local “XXX”, Advogado “...” ou Advogado “XXX”, inscrição OAB “...” ou Inscrição OAB “XXX”, destacando-se que, no corpo das respostas, você não deverá criar nenhum dado gerador de marca de identificação.

# OBSERVAÇÔES

PEÇA PRÁTICO-PROFISSIONAL: A peça deve abranger todos os fundamentos de Direito que possam ser utilizados para dar respaldo à pretensão. A simples menção ou transcrição do dispositivo legal não confere pontuação.

QUESTÃO: Você deve fundamentar suas respostas. A mera citação do dispositivo legal não confere pontuação.

A partir de agora, todas as suas respostas comporão o texto definitivo (não o caderno de rascunhos).
","João dos Santos, vereador no Município Alfa, participou, em Brasília, de um grande evento organizado pelo Partido Político Delta, ao qual estava filiado. Na ocasião, criticou duramente a gestão do prefeito municipal de Alfa, principalmente por direcionar recursos públicos para escolas vinculadas a certas religiões, que não tivessem finalidade lucrativa, e que aplicassem seus excedentes em educação e assegurassem a destinação do seu patrimônio, no caso de encerramento de suas atividades, às escolas comunitárias, filantrópicas ou confessionais, ou ao Poder Público. Para João, apesar da tentativa de atribuir ares de licitude à medida, ela seria francamente contrária ao caráter laico das estruturas estatais de poder, configurando, portanto, ato ilícito. Ao tomar conhecimento dos fatos, o prefeito informou que adotaria as medidas necessárias para a responsabilização de João, tendo este último afirmado que não poderia ser responsabilizado por suas opiniões. Sobre o quadro fático narrado, responda aos itens a seguir

Perguntas:
1. João, nas circunstâncias indicadas, pode vir a ser responsabilizado por suas opiniões a respeito do prefeito do Município Alfa? Justifique.

2. Os recursos públicos, na forma descrita no enunciado, podem ser direcionados a escolas vinculadas a certas religiões? Justifique.","Sim, pois as opiniões não foram exaradas na circunscrição do Município Alfa, nos termos do Art. 29, inciso VIII, da CRFB/88. Sim. A destinação de recursos públicos a escolas confessionais, na forma indicada, é admitida, nos termos do Art. 213, incisos I e II, e/ou do Art. 19, inciso I, ambos da CRFB/88.","[{""id"": ""A"", ""secao"": null, ""peso_total"": 0.65, ""componentes"": [{""tipo"": ""semantico"", ""referencia"": ""sim, pois as opini\u00f5es n\u00e3o foram exaradas na circunscri\u00e7\u00e3o do munic\u00edpio alfa"", ""peso"": 0.55}, {""tipo"": ""legislacao"", ""termos"": [""art 29"", ""inciso viii"", ""crfb""], ""peso"": 0.1}]}, {""id"": ""B"", ""secao"": null, ""peso_total"": 0.6, ""componentes"": [{""tipo"": ""semantico"", ""referencia"": ""sim. a destina\u00e7\u00e3o de recursos p\u00fablicos a escolas confessionais, na forma indicada, \u00e9 admitida"", ""peso"": 0.5}, {""tipo"": ""legislacao"", ""termos"": [""art 213"", ""art 19"", ""inciso i"", ""crfb""], ""peso"": 0.1}]}]",1.25,medio,Direito Constitucional,Imunidade parlamentar e laicidade do Estado com financiamento de ensino,82,1,41,
